year,life_expectancy_change,consumption_change,leisure_change,inequality_change,log_lambda_change,ln_gdp_per_capita_change,hours_per_person,leisure,variance_log_consumption,flow_utility
1979,0.000000000000,0.000000000000,0.000000000000,0.000000000000,0.000000000000,0.000000000000,841.202349410198,0.855958501813,0.562142358675,4.183976603473
1980,-0.011036422905,-0.014893442357,0.004412103232,0.001526800991,-0.019990961040,-0.014337672073,828.484541753768,0.858136208604,0.559088756693,4.175022065338
1981,0.011593007190,-0.010936900784,0.005772645544,-0.003069517646,0.003359234304,0.000908535745,824.523232199977,0.858814515034,0.568281393966,4.175742830587
1982,0.031487101820,-0.005937933245,0.013305793966,-0.012407321975,0.026447640565,-0.026819301241,802.236066026659,0.862630810612,0.586957002625,4.178937142219
1983,0.037645137522,0.039984732573,0.010877236187,-0.015563359979,0.072943746302,0.008855305308,809.488091979195,0.861389025346,0.593269078633,4.219275212254
1984,0.043667025446,0.082597125160,-0.000453817817,-0.017149567943,0.108660764846,0.070063184991,842.499582317396,0.855736372891,0.596441494560,4.248970342873
1985,0.043985528138,0.124215026143,-0.004680138020,-0.023549605822,0.139970810439,0.102051812052,854.485903061482,0.853683920709,0.609241570318,4.279961885774
1986,0.047182265277,0.155425250052,-0.005378119598,-0.033316730223,0.163912665509,0.126850711300,856.449317669791,0.853347719577,0.628775819121,4.300707003704
1987,0.056212116237,0.179804049852,-0.011713415456,-0.034964256586,0.189338494048,0.151875389197,874.068769114570,0.850330690220,0.632070871847,4.317102981283
1988,0.056550671279,0.211644221559,-0.017552484928,-0.034964256586,0.215678151324,0.183716419409,889.999288340648,0.847602861586,0.632070871847,4.343104083517
1989,0.071418152975,0.230939185334,-0.023314835355,-0.043287385232,0.235755117722,0.210336541111,905.445755796758,0.844957918528,0.648717129139,4.348313568219
1990,0.083368608648,0.239583303979,-0.020511764001,-0.038276388342,0.264163760284,0.217724053314,897.965075333603,0.846238856963,0.638695135360,4.364771755109
1991,0.092253051160,0.228024256185,-0.011943464819,-0.038276388342,0.270057454183,0.203277730080,874.701894608686,0.850222278320,0.638695135360,4.361781006497
1992,0.107550919107,0.250295048298,-0.007428245187,-0.046656811969,0.303760910249,0.224027640281,862.190445745651,0.852364649701,0.655455982613,4.380186594615
1993,0.095412520317,0.271351756404,-0.010473513467,-0.083460793097,0.272829970157,0.237986985536,870.648471254506,0.850916357662,0.729063944869,4.361394053312
1994,0.107613068883,0.297100240730,-0.017039904671,-0.087105162866,0.300568242076,0.265223763543,888.612269407052,0.847840364828,0.736352684408,4.376931776666
1995,0.108377346044,0.314270642192,-0.019814507803,-0.076245967593,0.326587512840,0.279806212610,896.094577847212,0.846559147629,0.714634293861,4.402186770269
1996,0.132873872610,0.336747272431,-0.021771555534,-0.085279909220,0.362569680286,0.305205541268,901.334818147398,0.845661846208,0.732702177116,4.413672411149
1997,0.157400194459,0.361707723507,-0.026561766620,-0.092618325282,0.399927826064,0.336713419721,914.034454807865,0.843487250889,0.747379009240,4.426504235078
1998,0.168063636591,0.401762249218,-0.029713252669,-0.087105162866,0.453007470274,0.368875066710,922.294199105324,0.842072911112,0.736352684408,4.468920437155
1999,0.169531279476,0.442691962507,-0.031848075155,-0.090774378459,0.489600788369,0.404164798035,927.847591743119,0.841121987715,0.743691115594,4.504046112366
2000,0.173938246247,0.480706908605,-0.032994165403,-0.098187981874,0.523463007575,0.433005016621,930.815290506872,0.840613820119,0.758518322423,4.533501364801
2001,0.186821338913,0.495270053015,-0.025491550143,-0.105702835792,0.550897005992,0.432616007772,911.212489779590,0.843970464079,0.773548030260,4.548052270552
2002,0.194303150664,0.511104370752,-0.017740647035,-0.098187981874,0.589478892506,0.440200377399,890.507904389396,0.847515769796,0.758518322423,4.579152345315
2003,0.201520449214,0.533660458592,-0.013417570554,-0.101932635897,0.619830701355,0.459177080900,878.747997297558,0.849529452518,0.766007630469,4.602286855614
2004,0.230819975137,0.561413562811,-0.014080294590,-0.105702835792,0.672450407566,0.487679397041,880.560974027083,0.849219011297,0.773548030260,4.625607035901
2005,0.231724564625,0.586995333269,-0.015830704414,-0.111406322110,0.691482871369,0.512702366946,885.331618823959,0.848402120064,0.784955002895,4.643734910217
2006,0.245030978941,0.605915656082,-0.019098335206,-0.113320372547,0.718527927271,0.530525652892,894.169260674308,0.846888825227,0.788783103768,4.657473551802
2007,0.265572706514,0.620424461081,-0.018463414733,-0.100057132996,0.767476619866,0.540856535612,892.458903632096,0.847181694584,0.762256624667,4.685880516825
2008,0.268444011388,0.612464171217,-0.011471393464,-0.105702835792,0.763733953349,0.532532311619,873.402198004564,0.850444829109,0.773548030260,4.679266545434
2009,0.290378633786,0.590555310391,0.008899048307,-0.109498691987,0.780334300497,0.497661641370,815.347580613615,0.860385688251,0.781139742648,4.673932270185
2010,0.300513775357,0.600976053670,0.010927333190,-0.113320372547,0.799096789671,0.515797731337,809.339151458733,0.861414528860,0.788783103768,4.682559617787
2011,0.306429557282,0.609925216880,0.009011631103,-0.126902067296,0.798464337969,0.523397494153,815.015235425973,0.860442596674,0.815946493266,4.676011384160
2012,0.312945196466,0.615521023572,0.006108380435,-0.126902067296,0.807672533177,0.538045564555,823.542786609361,0.858982399553,0.815946493266,4.678703940184
2013,0.312823085264,0.625245759377,0.004458330600,-0.136802383343,0.805724791898,0.551437696741,828.350258583129,0.858159202297,0.835747125361,4.676878310107
2014,0.320568903859,0.645193160557,0.001179245267,-0.132822110023,0.834119199660,0.568400164226,837.822099994362,0.856537311645,0.827786578721,4.697526899274
2015,0.312479571131,0.670385134204,-0.002719333503,-0.130842093100,0.849303278732,0.589452897396,848.945885058186,0.854632553928,0.823826544875,4.720800311074
2016,0.303524490149,0.686778466227,-0.003981640899,-0.134808905303,0.851512410173,0.599628290067,852.516511331790,0.854021145320,0.831760169281,4.731964523497
2017,0.303623571186,0.705886641212,-0.005406410070,-0.150947631962,0.853156170367,0.616976068292,856.528803554097,0.853334108980,0.864037622598,4.733509202653
2018,0.311571243032,0.727063507773,-0.009262720952,-0.144844296286,0.884527733568,0.640345202988,867.295455513956,0.851490504193,0.851830951246,4.756933094009
2019,0.322409290343,0.743159798954,-0.010920270797,-0.140809716948,0.913839101551,0.660706178867,871.882407805564,0.850705067157,0.843761792572,4.775406414681
2020,0.224101375275,0.713567210978,0.010187927115,-0.148906309125,0.798950204243,0.635586951953,811.534661527604,0.861038585355,0.859954976926,4.758825432441
2021,0.168113103808,0.796271108768,-0.001636428367,-0.161258800020,0.801488984189,0.693715954656,845.870713640470,0.855159124377,0.884659958716,4.817352483853
2022,0.238013185765,0.820114446126,-0.009375336110,-0.148906309125,0.899845986656,0.712889010541,867.607864270381,0.851437009543,0.859954976926,4.845809404364
2023,0.302367581436,0.837134022241,-0.011170015673,-0.142823619280,0.985507968724,0.733495152321,872.571438751091,0.850587082406,0.847789597234,4.867116990761
2024,0.360058172327,0.856424099446,-0.011131798838,-0.148906309125,1.056444163810,0.751279106354,872.466036088218,0.850605130807,0.859954976926,4.880362594956
2025,0.371509979062,0.876985423665,-0.009431000178,-0.150947631962,1.088116770588,0.766784486596,867.762241930247,0.851410575012,0.864037622598,4.900583394999
